[
	{
		"id":0,
		"category":"Driving",
		"content": {
			"id": 0,
			"image": "drivingBasics",
			"time": "1 hr",
			"description": "Preparation for written driving test.",
			"lessons":[
					{
					  "id": 0,
					  "title": "DAY 1",
					  "video": "",
                      "duration": "20 min",
                      "explanation": "Look to your left and right. Blah.."
					},
					{
					  "id": 1,
					  "title": "DAY 2",
					  "video": "",
                      "duration": "20 min",
                      "explanation": "Check your lights..Start your engine.."
					}

				  ]

                },
		"quiz": {
			"id": 0,
			"image": "drivingQuiz",
			"time": "25 min",
			"description": "Test your knowledge.",
			"questions": [
					{
					  "id": 0,
					  "content": "What are you training to ride?",
					  "correctIndex": 1,
					  "answers": [
							"ship",
							"car",
							"plane"
						     ]
					},
					{
					  "id": 0,
					  "content": "Does the rear passenger in Texas need to wear a seatbelt?",
					  "correctIndex": 0,
					  "answers": [
							"yes",
							"no"
						     ]
					}
				     ]

			}


	}
]
